month,discounted_sales,growth
1,1548.0,
2,1422.0,-0.08139534883720934
3,1386.0,-0.025316455696202556
4,1584.0,0.1428571428571428
